INSERT INTO branch VALUES('New Chadwick');
INSERT INTO branch VALUES('West Kiptown');
INSERT INTO branch VALUES('East Elidia');
INSERT INTO branch VALUES('New Kenda');
INSERT INTO branch VALUES('New Richardshire');
INSERT INTO branch VALUES('Fernandaport');
INSERT INTO insurance_company VALUES(E'Raynor, Gleason and Rice');
INSERT INTO insurance_company VALUES(E'Conn-Cremin');
INSERT INTO insurance_company VALUES(E'Heaney and Sons');
INSERT INTO insurance_company VALUES(E'Bradtke and Sons');
INSERT INTO insurance_company VALUES(E'Cremin, Oberbrunner and Bednar');
INSERT INTO insurance_company VALUES(E'Sanford, Harvey and Walsh');
INSERT INTO insurance_company VALUES(E'Goyette-Stokes');
INSERT INTO person VALUES(1, E'Phillip', E'Emanuel', E'Thiel', 'M', '1999-05-21');
INSERT INTO phone_number VALUES(1, '893.056.8647');
INSERT INTO user_account VALUES('lucinda.halvorson@heller.io', 'lizard', 1);
INSERT INTO patient VALUES(1, 901149, E'Cremin, Oberbrunner and Bednar', NULL);
INSERT INTO person VALUES(2, E'Joi', E'Maryrose', E'Cummings', 'F', '1952-03-09');
INSERT INTO phone_number VALUES(2, '391.626.8053');
INSERT INTO user_account VALUES('danilo@gislason-williamson.org', 'crow', 2);
INSERT INTO patient VALUES(2, 849869, E'Conn-Cremin', NULL);
INSERT INTO person VALUES(3, E'Halina', E'Kristan', E'Olson', 'F', '1949-02-07');
INSERT INTO phone_number VALUES(3, '727-414-3776');
INSERT INTO user_account VALUES('marhta.leannon@beer.co', 'spider', 3);
INSERT INTO patient VALUES(3, 454730, E'Goyette-Stokes', NULL);
INSERT INTO person VALUES(4, E'Laurette', E'Eleonore', E'OHaraHara', 'F', '1938-03-26');
INSERT INTO phone_number VALUES(4, '639-367-2494');
INSERT INTO user_account VALUES('jacinto@dietrich.name', 'fish', 4);
INSERT INTO patient VALUES(4, 263775, E'Heaney and Sons', NULL);
INSERT INTO person VALUES(5, E'Sandi', E'Dorthy', E'Hyatt', 'F', '1984-01-02');
INSERT INTO phone_number VALUES(5, '(261) 746-0415');
INSERT INTO user_account VALUES('daron@orn-bruen.org', 'zebra', 5);
INSERT INTO patient VALUES(5, 868027, E'Heaney and Sons', NULL);
INSERT INTO person VALUES(6, E'Lorrine', E'Sondra', E'Hickle', 'F', '1947-01-19');
INSERT INTO phone_number VALUES(6, '103.388.5161');
INSERT INTO phone_number VALUES(6, '445-147-5282');
INSERT INTO user_account VALUES('kathern.hammes@mclaughlin.co', 'lion', 6);
INSERT INTO patient VALUES(6, 474225, E'Bradtke and Sons', NULL);
INSERT INTO person VALUES(7, E'Paula', E'Carmelita', E'Gutkowski', 'F', '1918-08-22');
INSERT INTO phone_number VALUES(7, '354.309.8814');
INSERT INTO user_account VALUES('emerson@haley.info', 'cockroach', 7);
INSERT INTO patient VALUES(7, 214405, E'Bradtke and Sons', NULL);
INSERT INTO person VALUES(8, E'Tomiko', E'Candis', E'Russel', 'F', '1935-11-20');
INSERT INTO phone_number VALUES(8, '1-560-365-5203');
INSERT INTO user_account VALUES('lavonda_grady@hammes-cummings.name', 'guinea pig', 8);
INSERT INTO patient VALUES(8, 232804, E'Bradtke and Sons', NULL);
INSERT INTO person VALUES(9, E'Elaina', E'Lelia', E'Schneider', 'F', '1983-09-06');
INSERT INTO phone_number VALUES(9, '565-500-2226');
INSERT INTO user_account VALUES('shirl@ankunding-kub.biz', 'cat', 9);
INSERT INTO patient VALUES(9, 633016, E'Cremin, Oberbrunner and Bednar', NULL);
INSERT INTO person VALUES(10, E'Lon', E'Huey', E'Marquardt', 'M', '1950-09-01');
INSERT INTO phone_number VALUES(10, '1-323-754-4174');
INSERT INTO phone_number VALUES(10, '237-157-1836');
INSERT INTO user_account VALUES('emma.carter@roob.info', 'giraffe', 10);
INSERT INTO patient VALUES(10, 191288, E'Heaney and Sons', NULL);
INSERT INTO person VALUES(11, E'Dennis', E'Sal', E'Grady', 'M', '1947-09-29');
INSERT INTO phone_number VALUES(11, '(154) 498-1774');
INSERT INTO user_account VALUES('randell@haag.co', 'sheep', 11);
INSERT INTO patient VALUES(11, 478212, E'Raynor, Gleason and Rice', NULL);
INSERT INTO person VALUES(12, E'Noemi', E'Faviola', E'Ernser', 'F', '1976-07-10');
INSERT INTO phone_number VALUES(12, '(789) 227-4536');
INSERT INTO user_account VALUES('natacha@farrell-ratke.biz', 'gnat', 12);
INSERT INTO patient VALUES(12, 898512, E'Conn-Cremin', NULL);
INSERT INTO person VALUES(13, E'Shannon', E'Kasey', E'Kunde', 'M', '2006-06-22');
INSERT INTO phone_number VALUES(13, '(649) 219-1169');
INSERT INTO user_account VALUES('vicente_ortiz@botsford-hilpert.co', 'otter', 13);
INSERT INTO patient VALUES(13, 302337, E'Bradtke and Sons', NULL);
INSERT INTO person VALUES(14, E'Lionel', E'Donnie', E'Walter', 'M', '1948-09-11');
INSERT INTO phone_number VALUES(14, '642-040-3510');
INSERT INTO user_account VALUES('julia@dietrich.com', 'koala', 14);
INSERT INTO patient VALUES(14, 187249, E'Heaney and Sons', NULL);
INSERT INTO person VALUES(15, E'Shawanna', E'Beryl', E'Jones', 'F', '1995-11-27');
INSERT INTO phone_number VALUES(15, '911-283-4533');
INSERT INTO user_account VALUES('meaghan_friesen@ferry.net', 'prairie dog', 15);
INSERT INTO patient VALUES(15, 901980, E'Conn-Cremin', NULL);
INSERT INTO person VALUES(16, E'Andre', E'Dean', E'Kreiger', 'M', '1960-11-19');
INSERT INTO phone_number VALUES(16, '207-476-3270');
INSERT INTO user_account VALUES('ed_gutmann@lang.com', 'yellowjacket', 16);
INSERT INTO patient VALUES(16, 462089, E'Raynor, Gleason and Rice', NULL);
INSERT INTO person VALUES(17, E'Sam', E'Roger', E'Mills', 'M', '1964-01-04');
INSERT INTO phone_number VALUES(17, '1-599-998-6898');
INSERT INTO user_account VALUES('pansy@lockman.io', 'beetle', 17);
INSERT INTO patient VALUES(17, 140502, E'Conn-Cremin', NULL);
INSERT INTO person VALUES(18, E'Rolando', E'Seth', E'Bogan', 'M', '1952-02-19');
INSERT INTO phone_number VALUES(18, '980.231.2444');
INSERT INTO phone_number VALUES(18, '181-095-1944');
INSERT INTO user_account VALUES('yer@huels.com', 'herring', 18);
INSERT INTO patient VALUES(18, 858490, E'Raynor, Gleason and Rice', NULL);
INSERT INTO person VALUES(19, E'Adelle', E'Blake', E'Kertzmann', 'F', '1957-08-27');
INSERT INTO phone_number VALUES(19, '1-243-915-8962');
INSERT INTO user_account VALUES('lavelle@funk.com', 'chimpanzee', 19);
INSERT INTO patient VALUES(19, 779818, E'Bradtke and Sons', NULL);
INSERT INTO person VALUES(20, E'Sachiko', E'Louann', E'Jacobi', 'F', '1924-09-03');
INSERT INTO phone_number VALUES(20, '804.795.9533');
INSERT INTO user_account VALUES('alonso@kohler.org', 'baboon', 20);
INSERT INTO patient VALUES(20, 274127, E'Sanford, Harvey and Walsh', NULL);
INSERT INTO person VALUES(21, E'Carl', E'Lynwood', E'Labadie', 'M', '1984-07-05');
INSERT INTO phone_number VALUES(21, '291-743-8539');
INSERT INTO user_account VALUES('laverne.cole@donnelly.info', 'wildebeest', 21);
INSERT INTO patient VALUES(21, 459237, E'Goyette-Stokes', NULL);
INSERT INTO person VALUES(22, E'Melissa', E'Vincenza', E'Shanahan', 'F', '1943-02-16');
INSERT INTO phone_number VALUES(22, '437.154.1110');
INSERT INTO user_account VALUES('charlie.dach@bahringer-borer.name', 'cattle', 22);
INSERT INTO patient VALUES(22, 847127, E'Bradtke and Sons', NULL);
INSERT INTO person VALUES(23, E'Karima', E'Jazmin', E'Reinger', 'F', '1986-01-08');
INSERT INTO phone_number VALUES(23, '1-552-331-0597');
INSERT INTO user_account VALUES('jared@hickle-murazik.name', 'wombat', 23);
INSERT INTO patient VALUES(23, 272592, E'Cremin, Oberbrunner and Bednar', NULL);
INSERT INTO person VALUES(24, E'Rasheeda', E'Allyson', E'Greenholt', 'F', '1925-01-11');
INSERT INTO phone_number VALUES(24, '1-499-679-1875');
INSERT INTO phone_number VALUES(24, '1-799-993-2237');
INSERT INTO user_account VALUES('angelo_pagac@waelchi.com', 'horse', 24);
INSERT INTO patient VALUES(24, 429108, E'Raynor, Gleason and Rice', NULL);
INSERT INTO person VALUES(25, E'Beau', E'Vernon', E'Feest', 'M', '1973-01-28');
INSERT INTO phone_number VALUES(25, '(399) 837-9522');
INSERT INTO user_account VALUES('rana_kohler@skiles.org', 'camel', 25);
INSERT INTO patient VALUES(25, 534748, E'Bradtke and Sons', NULL);
INSERT INTO person VALUES(26, E'Art', E'Ezra', E'Breitenberg', 'M', '1999-08-03');
INSERT INTO phone_number VALUES(26, '1-855-373-0630');
INSERT INTO user_account VALUES('william@smith.biz', 'macaw', 26);
INSERT INTO patient VALUES(26, 811091, E'Conn-Cremin', NULL);
INSERT INTO person VALUES(27, E'Morris', E'Cary', E'Klocko', 'M', '1927-04-18');
INSERT INTO phone_number VALUES(27, '(976) 115-1421');
INSERT INTO user_account VALUES('marvella.boyle@wilderman.org', 'grasshopper', 27);
INSERT INTO patient VALUES(27, 478522, E'Heaney and Sons', NULL);
INSERT INTO person VALUES(28, E'Chan', E'Bettyann', E'Flatley', 'F', '1944-06-20');
INSERT INTO phone_number VALUES(28, '1-426-208-5327');
INSERT INTO user_account VALUES('billie@zemlak-schuppe.info', 'porpoise', 28);
INSERT INTO patient VALUES(28, 406350, E'Raynor, Gleason and Rice', NULL);
INSERT INTO person VALUES(29, E'Rolf', E'Mauro', E'Dibbert', 'M', '1967-01-17');
INSERT INTO phone_number VALUES(29, '(962) 239-0163');
INSERT INTO phone_number VALUES(29, '604.674.2031');
INSERT INTO user_account VALUES('mauro_mclaughlin@tillman-shields.biz', 'crow', 29);
INSERT INTO patient VALUES(29, 679781, E'Conn-Cremin', NULL);
INSERT INTO person VALUES(30, E'Isaias', E'Travis', E'Herman', 'M', '1957-03-21');
INSERT INTO phone_number VALUES(30, '(207) 987-6241');
INSERT INTO user_account VALUES('jenae@boyer.com', 'whale', 30);
INSERT INTO patient VALUES(30, 275154, E'Heaney and Sons', NULL);
INSERT INTO person VALUES(31, E'Carisa', E'Iluminada', E'Runte', 'F', '1966-11-21');
INSERT INTO phone_number VALUES(31, '1-404-181-1918');
INSERT INTO user_account VALUES('ignacio.goldner@aufderhar.name', 'mammoth', 31);
INSERT INTO employee VALUES(31, 'New Kenda', 'receptionist', 168287);
INSERT INTO person VALUES(32, E'Kecia', E'Phoebe', E'Shanahan', 'F', '1984-08-29');
INSERT INTO phone_number VALUES(32, '1-556-543-1203');
INSERT INTO user_account VALUES('domenica_carroll@keebler.com', 'gnat', 32);
INSERT INTO employee VALUES(32, 'New Chadwick', 'receptionist', 92481);
INSERT INTO person VALUES(33, E'Clifford', E'Emile', E'Mann', 'M', '1953-04-20');
INSERT INTO phone_number VALUES(33, '893-737-2798');
INSERT INTO user_account VALUES('cherly_lemke@greenfelder-brakus.io', 'eagle', 33);
INSERT INTO employee VALUES(33, 'East Elidia', 'receptionist', 90514);
INSERT INTO person VALUES(34, E'Launa', E'Shalon', E'Fahey', 'F', '1976-06-30');
INSERT INTO phone_number VALUES(34, '(180) 064-6110');
INSERT INTO phone_number VALUES(34, '170-644-4566');
INSERT INTO user_account VALUES('glenn.mills@rohan-kreiger.io', 'kangaroo', 34);
INSERT INTO employee VALUES(34, 'Fernandaport', 'receptionist', 101746);
INSERT INTO person VALUES(35, E'Erin', E'Robert', E'Hegmann', 'M', '1994-02-28');
INSERT INTO phone_number VALUES(35, '1-519-239-1437');
INSERT INTO user_account VALUES('trinidad.wehner@bosco.org', 'tiger', 35);
INSERT INTO employee VALUES(35, 'Fernandaport', 'receptionist', 156404);
INSERT INTO person VALUES(36, E'Marvella', E'January', E'Kemmer', 'F', '1916-07-17');
INSERT INTO phone_number VALUES(36, '1-247-103-9892');
INSERT INTO user_account VALUES('sol_bode@brakus-gislason.org', 'elk', 36);
INSERT INTO employee VALUES(36, 'West Kiptown', 'hygienist', 159835);
INSERT INTO person VALUES(37, E'Tawanna', E'Mari', E'Lindgren', 'F', '1993-11-18');
INSERT INTO phone_number VALUES(37, '550.776.1114');
INSERT INTO phone_number VALUES(37, '(354) 148-8167');
INSERT INTO user_account VALUES('micheal.huels@stark-koss.co', 'oyster', 37);
INSERT INTO employee VALUES(37, 'New Chadwick', 'hygienist', 106157);
INSERT INTO person VALUES(38, E'Ricky', E'Blaine', E'Jaskolski', 'M', '1913-05-06');
INSERT INTO phone_number VALUES(38, '652-985-5365');
INSERT INTO user_account VALUES('jarred.gorczany@robel.io', 'chimpanzee', 38);
INSERT INTO employee VALUES(38, 'New Richardshire', 'hygienist', 156273);
INSERT INTO person VALUES(39, E'Scarlet', E'Corrine', E'Hoeger', 'F', '2003-10-04');
INSERT INTO phone_number VALUES(39, '1-254-325-3110');
INSERT INTO user_account VALUES('garland@jast.io', 'skunk', 39);
INSERT INTO employee VALUES(39, 'Fernandaport', 'hygienist', 57002);
INSERT INTO person VALUES(40, E'Agnes', E'Tangela', E'Crona', 'F', '1996-04-13');
INSERT INTO phone_number VALUES(40, '820.232.7610');
INSERT INTO user_account VALUES('jean@fay-goldner.org', 'marten', 40);
INSERT INTO employee VALUES(40, 'New Kenda', 'hygienist', 77616);
INSERT INTO person VALUES(41, E'Vernon', E'Damien', E'Russel', 'M', '1982-09-09');
INSERT INTO phone_number VALUES(41, '623-493-1499');
INSERT INTO user_account VALUES('tiny@schmitt.com', 'buffalo', 41);
INSERT INTO employee VALUES(41, 'East Elidia', 'hygienist', 145127);
INSERT INTO person VALUES(42, E'Howard', E'Napoleon', E'Kiehn', 'M', '1929-12-08');
INSERT INTO phone_number VALUES(42, '610.994.7315');
INSERT INTO phone_number VALUES(42, '140.519.6393');
INSERT INTO user_account VALUES('giuseppe_ferry@satterfield.com', 'wallaby', 42);
INSERT INTO employee VALUES(42, 'New Richardshire', 'hygienist', 77614);
INSERT INTO person VALUES(43, E'Earl', E'Elroy', E'Bergnaum', 'M', '1962-10-17');
INSERT INTO phone_number VALUES(43, '869.705.2375');
INSERT INTO user_account VALUES('michell@wisoky.org', 'crow', 43);
INSERT INTO employee VALUES(43, 'New Richardshire', 'hygienist', 60378);
INSERT INTO person VALUES(44, E'Annamarie', E'Shanta', E'Kertzmann', 'F', '2001-04-11');
INSERT INTO phone_number VALUES(44, '(218) 974-2283');
INSERT INTO user_account VALUES('lee.kovacek@mayert.net', 'dinosaur', 44);
INSERT INTO employee VALUES(44, 'New Richardshire', 'hygienist', 154546);
INSERT INTO person VALUES(45, E'Dora', E'Zora', E'Lindgren', 'F', '1970-10-01');
INSERT INTO phone_number VALUES(45, '(719) 323-4263');
INSERT INTO user_account VALUES('lynwood.hickle@feest.org', 'ape', 45);
INSERT INTO employee VALUES(45, 'New Chadwick', 'hygienist', 94984);
INSERT INTO person VALUES(46, E'Arnetta', E'Lashanda', E'Jones', 'F', '1922-07-12');
INSERT INTO phone_number VALUES(46, '867-450-8175');
INSERT INTO phone_number VALUES(46, '1-720-673-6952');
INSERT INTO user_account VALUES('rueben.muller@mills.co', 'cicada', 46);
INSERT INTO employee VALUES(46, 'New Richardshire', 'dentist', 147760);
INSERT INTO person VALUES(47, E'Leeanna', E'Doris', E'Runolfsdottir', 'F', '1982-05-06');
INSERT INTO phone_number VALUES(47, '(881) 388-0932');
INSERT INTO user_account VALUES('otto@jacobs.net', 'herring', 47);
INSERT INTO employee VALUES(47, 'West Kiptown', 'dentist', 123575);
INSERT INTO person VALUES(48, E'Carol', E'Elden', E'Friesen', 'M', '1964-10-25');
INSERT INTO phone_number VALUES(48, '711.624.1719');
INSERT INTO user_account VALUES('esteban@wyman.biz', 'buffalo', 48);
INSERT INTO employee VALUES(48, 'West Kiptown', 'dentist', 127790);
INSERT INTO person VALUES(49, E'Dannie', E'Wilbert', E'Schinner', 'M', '1974-04-13');
INSERT INTO phone_number VALUES(49, '291.730.7850');
INSERT INTO user_account VALUES('hans.huels@dickens.net', 'termite', 49);
INSERT INTO employee VALUES(49, 'East Elidia', 'dentist', 105652);
INSERT INTO person VALUES(50, E'Tyron', E'Roger', E'Legros', 'M', '1951-06-14');
INSERT INTO phone_number VALUES(50, '1-578-309-7214');
INSERT INTO user_account VALUES('denver_willms@borer-hintz.com', 'jellyfish', 50);
INSERT INTO employee VALUES(50, 'New Kenda', 'dentist', 53129);
INSERT INTO person VALUES(51, E'Guadalupe', E'Martin', E'Harris', 'M', '1965-01-01');
INSERT INTO phone_number VALUES(51, '199.055.0672');
INSERT INTO user_account VALUES('collin.abernathy@zieme.org', 'impala', 51);
INSERT INTO employee VALUES(51, 'New Kenda', 'dentist', 126320);
INSERT INTO person VALUES(52, E'Andrew', E'Carita', E'Jakubowski', 'F', '1921-11-04');
INSERT INTO phone_number VALUES(52, '1-630-017-0981');
INSERT INTO phone_number VALUES(52, '363-502-3938');
INSERT INTO user_account VALUES('bernard@mclaughlin.name', 'zebra', 52);
INSERT INTO employee VALUES(52, 'New Chadwick', 'dentist', 77256);
INSERT INTO person VALUES(53, E'Rico', E'Josef', E'Kertzmann', 'M', '1925-06-02');
INSERT INTO phone_number VALUES(53, '590-349-2879');
INSERT INTO user_account VALUES('denise_bruen@steuber-orn.io', 'raven', 53);
INSERT INTO employee VALUES(53, 'Fernandaport', 'dentist', 76077);
INSERT INTO person VALUES(54, E'Alec', E'Jared', E'Hickle', 'M', '1972-09-15');
INSERT INTO phone_number VALUES(54, '981-302-6048');
INSERT INTO user_account VALUES('sonya@witting.co', 'hamster', 54);
INSERT INTO employee VALUES(54, 'Fernandaport', 'dentist', 109381);
INSERT INTO person VALUES(55, E'Bryon', E'Curt', E'Lindgren', 'M', '1939-01-18');
INSERT INTO phone_number VALUES(55, '336-359-7422');
INSERT INTO user_account VALUES('elvin@damore-bode.com', 'cod', 55);
INSERT INTO employee VALUES(55, 'Fernandaport', 'dentist', 108273);
INSERT INTO person VALUES(56, E'Karole', E'Jani', E'Mertz', 'F', '1998-04-07');
INSERT INTO phone_number VALUES(56, '(583) 428-7051');
INSERT INTO user_account VALUES('brooke@hagenes.name', 'butterfly', 56);
INSERT INTO employee VALUES(56, 'West Kiptown', 'receptionist', 62277);
INSERT INTO patient VALUES(56, 978107, E'Heaney and Sons', NULL);
INSERT INTO person VALUES(57, E'August', E'Errol', E'Sauer', 'M', '1923-03-10');
INSERT INTO phone_number VALUES(57, '1-703-136-8265');
INSERT INTO user_account VALUES('felipe@rogahn.info', 'gerbil', 57);
INSERT INTO employee VALUES(57, 'West Kiptown', 'hygienist', 135190);
INSERT INTO patient VALUES(57, 776647, E'Raynor, Gleason and Rice', NULL);
INSERT INTO person VALUES(58, E'Bethanie', E'Lavera', E'Hills', 'F', '1918-08-10');
INSERT INTO phone_number VALUES(58, '(141) 671-6654');
INSERT INTO user_account VALUES('claudio@renner.net', 'cockroach', 58);
INSERT INTO employee VALUES(58, 'Fernandaport', 'hygienist', 150353);
INSERT INTO patient VALUES(58, 959928, E'Bradtke and Sons', NULL);
INSERT INTO person VALUES(59, E'Jeanelle', E'Melania', E'Wilderman', 'F', '1953-04-24');
INSERT INTO phone_number VALUES(59, '756.777.0271');
INSERT INTO user_account VALUES('dwain@raynor-lehner.co', 'baboon', 59);
INSERT INTO employee VALUES(59, 'Fernandaport', 'hygienist', 67313);
INSERT INTO patient VALUES(59, 573868, E'Sanford, Harvey and Walsh', NULL);
INSERT INTO person VALUES(60, E'Norris', E'Oscar', E'Quitzon', 'M', '1979-01-20');
INSERT INTO phone_number VALUES(60, '1-168-467-9916');
INSERT INTO user_account VALUES('dominque@goyette-mann.co', 'elk', 60);
INSERT INTO employee VALUES(60, 'New Kenda', 'hygienist', 99051);
INSERT INTO patient VALUES(60, 145679, E'Heaney and Sons', NULL);
INSERT INTO person VALUES(61, E'Irving', E'Mickey', E'Stokes', 'M', '1937-09-16');
INSERT INTO phone_number VALUES(61, '(200) 531-4937');
INSERT INTO user_account VALUES('altagracia.runolfsdottir@barton.info', 'mallard', 61);
INSERT INTO employee VALUES(61, 'New Kenda', 'hygienist', 168804);
INSERT INTO patient VALUES(61, 830801, E'Sanford, Harvey and Walsh', NULL);
INSERT INTO person VALUES(62, E'Glen', E'Arturo', E'Tromp', 'M', '1959-02-23');
INSERT INTO phone_number VALUES(62, '(664) 570-9181');
INSERT INTO user_account VALUES('elden@armstrong-glover.org', 'gnat', 62);
INSERT INTO employee VALUES(62, 'Fernandaport', 'hygienist', 68802);
INSERT INTO patient VALUES(62, 302792, E'Raynor, Gleason and Rice', NULL);
INSERT INTO person VALUES(63, E'Malisa', E'Shelly', E'Weber', 'F', '1920-12-13');
INSERT INTO phone_number VALUES(63, '(986) 833-8597');
INSERT INTO user_account VALUES('glennie.casper@leannon.name', 'water buffalo', 63);
INSERT INTO employee VALUES(63, 'East Elidia', 'hygienist', 151625);
INSERT INTO patient VALUES(63, 357341, E'Cremin, Oberbrunner and Bednar', NULL);
INSERT INTO person VALUES(64, E'Thalia', E'Tegan', E'Oberbrunner', 'F', '2005-11-18');
INSERT INTO phone_number VALUES(64, '615-354-4697');
INSERT INTO user_account VALUES('loretta.gerhold@gleichner-wiegand.name', 'horse', 64);
INSERT INTO employee VALUES(64, 'Fernandaport', 'hygienist', 152261);
INSERT INTO patient VALUES(64, 776192, E'Heaney and Sons', NULL);
INSERT INTO person VALUES(65, E'Earl', E'Wilson', E'Blick', 'M', '1949-04-16');
INSERT INTO phone_number VALUES(65, '(175) 043-3801');
INSERT INTO user_account VALUES('adam.kunze@sawayn-lesch.biz', 'horse', 65);
INSERT INTO employee VALUES(65, 'New Chadwick', 'hygienist', 111574);
INSERT INTO patient VALUES(65, 845799, E'Sanford, Harvey and Walsh', NULL);
INSERT INTO person VALUES(66, E'Kazuko', E'Sherryl', E'Stokes', 'F', '1988-07-06');
INSERT INTO phone_number VALUES(66, '1-535-746-8842');
INSERT INTO phone_number VALUES(66, '(907) 298-4791');
INSERT INTO user_account VALUES('danial.jones@hartmann.com', 'beaver', 66);
INSERT INTO employee VALUES(66, 'Fernandaport', 'hygienist', 74799);
INSERT INTO patient VALUES(66, 340270, E'Goyette-Stokes', NULL);
INSERT INTO person VALUES(67, E'Zita', E'Rory', E'Tremblay', 'F', '1979-09-18');
INSERT INTO phone_number VALUES(67, '(773) 235-9001');
INSERT INTO user_account VALUES('delphine.jaskolski@tillman-conn.co', 'butterfly', 67);
INSERT INTO employee VALUES(67, 'Fernandaport', 'dentist', 82335);
INSERT INTO patient VALUES(67, 558587, E'Sanford, Harvey and Walsh', NULL);
INSERT INTO person VALUES(68, E'Cary', E'Lou', E'Lebsack', 'M', '1951-10-02');
INSERT INTO phone_number VALUES(68, '(278) 602-2121');
INSERT INTO user_account VALUES('domitila_gutmann@fahey-macejkovic.biz', 'fly', 68);
INSERT INTO employee VALUES(68, 'West Kiptown', 'dentist', 134515);
INSERT INTO patient VALUES(68, 281545, E'Sanford, Harvey and Walsh', NULL);
INSERT INTO person VALUES(69, E'Markus', E'Ben', E'Hessel', 'M', '2004-06-24');
INSERT INTO phone_number VALUES(69, '(389) 833-2392');
INSERT INTO user_account VALUES('orval@heathcote-cole.net', 'tiger', 69);
INSERT INTO employee VALUES(69, 'New Richardshire', 'dentist', 87029);
INSERT INTO patient VALUES(69, 128028, E'Bradtke and Sons', NULL);
INSERT INTO person VALUES(70, E'Antonia', E'Buck', E'Johnston', 'M', '1946-06-05');
INSERT INTO phone_number VALUES(70, '1-115-304-1629');
INSERT INTO user_account VALUES('elias@swift-prosacco.com', 'mink', 70);
INSERT INTO employee VALUES(70, 'New Chadwick', 'dentist', 121844);
INSERT INTO patient VALUES(70, 867467, E'Goyette-Stokes', NULL);
INSERT INTO person VALUES(71, E'Tyler', E'Rex', E'Hansen', 'M', '1945-02-21');
INSERT INTO phone_number VALUES(71, '781.418.6032');
INSERT INTO phone_number VALUES(71, '519-217-6834');
INSERT INTO user_account VALUES('nisha@moore-willms.biz', 'mosquito', 71);
INSERT INTO employee VALUES(71, 'East Elidia', 'dentist', 96885);
INSERT INTO patient VALUES(71, 389015, E'Cremin, Oberbrunner and Bednar', NULL);
INSERT INTO person VALUES(72, E'Myesha', E'Demetria', E'DAmoreAmore', 'F', '1930-06-26');
INSERT INTO phone_number VALUES(72, '413-991-8627');
INSERT INTO user_account VALUES('brad@flatley.co', 'hound', 72);
INSERT INTO employee VALUES(72, 'New Kenda', 'dentist', 60286);
INSERT INTO patient VALUES(72, 486909, E'Cremin, Oberbrunner and Bednar', NULL);
INSERT INTO person VALUES(73, E'Deangelo', E'Alva', E'Kerluke', 'M', '1978-10-30');
INSERT INTO phone_number VALUES(73, '(317) 037-4733');
INSERT INTO user_account VALUES('raelene@sporer-kerluke.org', 'ape', 73);
INSERT INTO employee VALUES(73, 'East Elidia', 'dentist', 157935);
INSERT INTO patient VALUES(73, 555609, E'Bradtke and Sons', NULL);
INSERT INTO person VALUES(74, E'Yong', E'Zachary', E'Hansen', 'M', '1959-02-14');
INSERT INTO phone_number VALUES(74, '480-641-1246');
INSERT INTO user_account VALUES('tad@durgan.info', 'mink', 74);
INSERT INTO employee VALUES(74, 'New Richardshire', 'dentist', 129883);
INSERT INTO patient VALUES(74, 212563, E'Sanford, Harvey and Walsh', NULL);
INSERT INTO person VALUES(75, E'Juliet', E'Floretta', E'Wintheiser', 'F', '1936-09-01');
INSERT INTO phone_number VALUES(75, '1-340-972-2301');
INSERT INTO user_account VALUES('robbie.heller@walker.org', 'hyena', 75);
INSERT INTO employee VALUES(75, 'East Elidia', 'dentist', 114514);
INSERT INTO patient VALUES(75, 235152, E'Bradtke and Sons', NULL);
INSERT INTO person VALUES(76, E'Derrick', E'Jason', E'Hilll', 'M', '1954-08-16');
INSERT INTO phone_number VALUES(76, '136-020-8652');
INSERT INTO user_account VALUES('ricardo@kilback.name', 'herring', 76);
INSERT INTO employee VALUES(76, 'Fernandaport', 'dentist', 64402);
INSERT INTO patient VALUES(76, 525148, E'Raynor, Gleason and Rice', NULL);
INSERT INTO person VALUES(77, E'Boyce', E'Terrance', E'Jenkins', 'M', '1937-12-25');
INSERT INTO phone_number VALUES(77, '1-101-695-7721');
INSERT INTO phone_number VALUES(77, '867-043-7403');
INSERT INTO user_account VALUES('roselee_abbott@hayes.info', 'weasel', 77);
INSERT INTO person VALUES(78, E'Marceline', E'Armanda', E'Legros', 'F', '1995-12-21');
INSERT INTO phone_number VALUES(78, '1-621-531-8022');
INSERT INTO phone_number VALUES(78, '741.146.6185');
INSERT INTO user_account VALUES('vania.price@bradtke.biz', 'yellowjacket', 78);
INSERT INTO person VALUES(79, E'Gayle', E'Gregg', E'Thompson', 'M', '1923-11-03');
INSERT INTO phone_number VALUES(79, '1-784-376-2713');
INSERT INTO user_account VALUES('lucille.schuster@dare-sipes.biz', 'raven', 79);
INSERT INTO person VALUES(80, E'Virgilio', E'Howard', E'Hessel', 'M', '1985-11-29');
INSERT INTO phone_number VALUES(80, '1-755-225-7867');
INSERT INTO user_account VALUES('norberto.russel@roberts.co', 'impala', 80);
INSERT INTO person VALUES(81, E'Douglas', E'Darnell', E'Stamm', 'M', '2005-09-24');
INSERT INTO phone_number VALUES(81, '(279) 354-0895');
INSERT INTO user_account VALUES('hal@stroman.name', 'yellowjacket', 81);
INSERT INTO person VALUES(82, E'Verna', E'Marcela', E'Walker', 'F', '2015-01-23');
INSERT INTO phone_number VALUES(82, '780-643-3033');
INSERT INTO patient VALUES(82, 707659, E'Cremin, Oberbrunner and Bednar', 41);
INSERT INTO person VALUES(83, E'Desmond', E'Herschel', E'Yost', 'M', '2013-07-23');
INSERT INTO phone_number VALUES(83, '271.427.8008');
INSERT INTO patient VALUES(83, 835405, E'Cremin, Oberbrunner and Bednar', 65);
INSERT INTO person VALUES(84, E'Long', E'Kraig', E'Parisian', 'M', '2013-09-01');
INSERT INTO phone_number VALUES(84, '(819) 452-2126');
INSERT INTO patient VALUES(84, 388247, E'Raynor, Gleason and Rice', 31);
INSERT INTO person VALUES(85, E'Julianna', E'Dorla', E'Rosenbaum', 'F', '2013-04-24');
INSERT INTO phone_number VALUES(85, '962-484-7520');
INSERT INTO phone_number VALUES(85, '1-311-984-2253');
INSERT INTO patient VALUES(85, 951467, E'Raynor, Gleason and Rice', 58);
INSERT INTO person VALUES(86, E'Andrea', E'Hunter', E'Olson', 'M', '2008-01-13');
INSERT INTO phone_number VALUES(86, '(751) 548-7722');
INSERT INTO phone_number VALUES(86, '335.563.8624');
INSERT INTO patient VALUES(86, 718180, E'Heaney and Sons', 27);
INSERT INTO person VALUES(87, E'Karin', E'Maryjo', E'Upton', 'F', '2015-12-13');
INSERT INTO phone_number VALUES(87, '314.788.1907');
INSERT INTO patient VALUES(87, 700554, E'Cremin, Oberbrunner and Bednar', 16);
INSERT INTO person VALUES(88, E'Nickolas', E'Keven', E'Casper', 'M', '2014-05-06');
INSERT INTO phone_number VALUES(88, '539-763-2995');
INSERT INTO patient VALUES(88, 594996, E'Cremin, Oberbrunner and Bednar', 80);
INSERT INTO person VALUES(89, E'Era', E'Lelah', E'Wyman', 'F', '2014-07-18');
INSERT INTO phone_number VALUES(89, '117-950-0729');
INSERT INTO patient VALUES(89, 423540, E'Raynor, Gleason and Rice', 23);
INSERT INTO person VALUES(90, E'Ezekiel', E'Burt', E'Reinger', 'M', '2009-10-17');
INSERT INTO phone_number VALUES(90, '(189) 261-6233');
INSERT INTO phone_number VALUES(90, '(589) 633-8143');
INSERT INTO patient VALUES(90, 505217, E'Goyette-Stokes', 78);
INSERT INTO person VALUES(91, E'Karena', E'Avis', E'Ullrich', 'F', '2015-02-26');
INSERT INTO phone_number VALUES(91, '1-400-555-1961');
INSERT INTO patient VALUES(91, 807980, E'Sanford, Harvey and Walsh', 6);
INSERT INTO person VALUES(92, E'Paulette', E'Zora', E'Dare', 'F', '2012-03-16');
INSERT INTO phone_number VALUES(92, '251-524-6633');
INSERT INTO patient VALUES(92, 601801, E'Goyette-Stokes', 8);
INSERT INTO person VALUES(93, E'Ginette', E'Raymonde', E'Reilly', 'F', '2009-09-18');
INSERT INTO phone_number VALUES(93, '(970) 510-0970');
INSERT INTO phone_number VALUES(93, '1-309-206-2307');
INSERT INTO patient VALUES(93, 313774, E'Goyette-Stokes', 5);
INSERT INTO person VALUES(94, E'Andera', E'Sondra', E'Wisozk', 'F', '2009-02-02');
INSERT INTO phone_number VALUES(94, '1-388-548-9297');
INSERT INTO patient VALUES(94, 362742, E'Conn-Cremin', 68);
INSERT INTO person VALUES(95, E'Laurence', E'Clifford', E'Kuhic', 'M', '2008-08-07');
INSERT INTO phone_number VALUES(95, '595-943-3693');
INSERT INTO patient VALUES(95, 261433, E'Bradtke and Sons', 38);
INSERT INTO person VALUES(96, E'Parker', E'Harry', E'Toy', 'M', '2012-09-12');
INSERT INTO phone_number VALUES(96, '841-946-7710');
INSERT INTO phone_number VALUES(96, '341.036.8239');
INSERT INTO patient VALUES(96, 699548, E'Bradtke and Sons', 22);
INSERT INTO person VALUES(97, E'Benny', E'Diego', E'Wisozk', 'M', '2009-01-11');
INSERT INTO phone_number VALUES(97, '311.976.2408');
INSERT INTO patient VALUES(97, 871117, E'Raynor, Gleason and Rice', 23);
INSERT INTO person VALUES(98, E'Sheldon', E'Efrain', E'Stoltenberg', 'M', '2015-09-03');
INSERT INTO phone_number VALUES(98, '517-705-1242');
INSERT INTO patient VALUES(98, 775437, E'Sanford, Harvey and Walsh', 25);
INSERT INTO person VALUES(99, E'Kesha', E'Theressa', E'Lueilwitz', 'F', '2017-08-11');
INSERT INTO phone_number VALUES(99, '(557) 168-0212');
INSERT INTO patient VALUES(99, 946463, E'Sanford, Harvey and Walsh', 68);
INSERT INTO person VALUES(100, E'Lavenia', E'Jann', E'Bergnaum', 'F', '2009-11-06');
INSERT INTO phone_number VALUES(100, '960-740-8537');
INSERT INTO patient VALUES(100, 421873, E'Cremin, Oberbrunner and Bednar', 72);
INSERT INTO person VALUES(101, E'Tianna', E'Jutta', E'Prohaska', 'F', '2008-07-25');
INSERT INTO phone_number VALUES(101, '650.026.5278');
INSERT INTO patient VALUES(101, 355473, E'Sanford, Harvey and Walsh', 75);
INSERT INTO person VALUES(102, E'Antony', E'Mose', E'Ernser', 'M', '1932-06-19');
INSERT INTO phone_number VALUES(102, '627.941.1209');
INSERT INTO phone_number VALUES(102, '(783) 579-5487');
INSERT INTO user_account VALUES('jamey.veum@rodriguez-goyette.name', 'rhinoceros', 102);
INSERT INTO employee VALUES(102, 'New Chadwick', 'manager', 117561);
UPDATE branch SET manager=102 WHERE city='New Chadwick';
INSERT INTO person VALUES(103, E'Ryann', E'Maryann', E'Schaden', 'F', '1918-06-13');
INSERT INTO phone_number VALUES(103, '859.119.0198');
INSERT INTO user_account VALUES('stanford_stehr@ohara.net', 'fox', 103);
INSERT INTO employee VALUES(103, 'West Kiptown', 'manager', 148361);
UPDATE branch SET manager=103 WHERE city='West Kiptown';
INSERT INTO person VALUES(104, E'Wilber', E'Erich', E'Kohler', 'M', '1959-02-04');
INSERT INTO phone_number VALUES(104, '452.550.8346');
INSERT INTO user_account VALUES('woodrow.kertzmann@lubowitz-block.com', 'caribou', 104);
INSERT INTO employee VALUES(104, 'East Elidia', 'manager', 155550);
UPDATE branch SET manager=104 WHERE city='East Elidia';
INSERT INTO person VALUES(105, E'Harriett', E'Toshia', E'Rempel', 'F', '1951-12-04');
INSERT INTO phone_number VALUES(105, '290-208-6903');
INSERT INTO user_account VALUES('darrick@mcdermott.name', 'ape', 105);
INSERT INTO employee VALUES(105, 'New Kenda', 'manager', 164919);
UPDATE branch SET manager=105 WHERE city='New Kenda';
INSERT INTO person VALUES(106, E'Marvis', E'Delorse', E'Schroeder', 'F', '1933-02-01');
INSERT INTO phone_number VALUES(106, '535-876-4460');
INSERT INTO phone_number VALUES(106, '(187) 103-8304');
INSERT INTO user_account VALUES('valentine_kulas@swift.io', 'armadillo', 106);
INSERT INTO employee VALUES(106, 'New Richardshire', 'manager', 130027);
UPDATE branch SET manager=106 WHERE city='New Richardshire';
INSERT INTO person VALUES(107, E'Meagan', E'Trula', E'Runolfsson', 'F', '1916-12-18');
INSERT INTO phone_number VALUES(107, '(761) 754-9037');
INSERT INTO user_account VALUES('lila.hyatt@rippin-bartell.name', 'lion', 107);
INSERT INTO employee VALUES(107, 'Fernandaport', 'manager', 160510);
UPDATE branch SET manager=107 WHERE city='Fernandaport';
INSERT INTO appointment VALUES(1, 12, 55, '2021-02-18', '10:00','11:00', 'consultation', 'unscheduled', 24, 'Fernandaport');
INSERT INTO appointment_procedure VALUES (1, 1, 'KGM1235', 'Type 2', 'woyxtamzzpuwmointhciptzqwijipp');
INSERT INTO treatment VALUES (1, 1, 12, 'extraction', 'anesthetic', 'toothache', '22');
INSERT INTO appointment VALUES(2, 75, 54, '2021-01-19', '10:00','11:00', 'consultation', 'cancelled', 34, 'Fernandaport');
INSERT INTO appointment_procedure VALUES (2, 2, 'XAG4651', 'Type 3', 'qurrupwisaopzidpxljmmaobqqwzrk');
INSERT INTO treatment VALUES (2, 2, 75, 'filling', 'dental fillings', 'none', '31');
INSERT INTO appointment VALUES(3, 11, 53, '2022-11-16', '10:00','11:00', 'pre-sedation', 'unscheduled', 28, 'Fernandaport');
INSERT INTO appointment_procedure VALUES (3, 3, 'XAG4651', 'Type 3', 'gbvkmolkzbffeevmwtocmliuugkycw');
INSERT INTO treatment VALUES (3, 3, 11, 'cleaning', 'fluoride', 'none', '14');
INSERT INTO appointment VALUES(4, 58, 71, '2022-01-01', '10:00','11:00', 'pre-sedation', 'completed', 17, 'East Elidia');
INSERT INTO appointment_procedure VALUES (4, 4, 'PWR3462', 'Type 5', 'ketclfzyowiumuakhrtbyjnqpckpoi');
INSERT INTO treatment VALUES (4, 4, 58, 'cleaning', 'fluoride', 'none', '30');
INSERT INTO appointment VALUES(5, 22, 69, '2021-06-01', '10:00','11:00', 'cleaning', 'no show', 1, 'New Richardshire');
INSERT INTO appointment_procedure VALUES (5, 5, 'KGM1235', 'Type 2', 'dnokjuvotkgxxovfhyxbrouqruxjqd');
INSERT INTO treatment VALUES (5, 5, 22, 'extraction', 'anesthetic', 'toothache', '14');
INSERT INTO appointment VALUES(6, 82, 55, '2022-05-28', '10:00','11:00', 'consultation', 'cancelled', 31, 'Fernandaport');
INSERT INTO appointment_procedure VALUES (6, 6, 'KGM1235', 'Type 2', 'yvsaslfiqyiyuxtafoxmxnpxxeagtu');
INSERT INTO treatment VALUES (6, 6, 82, 'cleaning', 'fluoride', 'none', '24');
INSERT INTO appointment VALUES(7, 57, 55, '2022-05-07', '10:00','11:00', 'consultation', 'completed', 28, 'Fernandaport');
INSERT INTO appointment_procedure VALUES (7, 7, 'KGM1235', 'Type 2', 'nsrmvnisrfcheswbigewfrwqmxhumw');
INSERT INTO treatment VALUES (7, 7, 57, 'cleaning', 'fluoride', 'none', '1');
INSERT INTO appointment VALUES(8, 25, 50, '2022-01-14', '10:00','11:00', 'consultation', 'completed', 22, 'New Kenda');
INSERT INTO appointment_procedure VALUES (8, 8, 'PWR3462', 'Type 5', 'biguwpnhdmjoteisrsweyidkjuqlov');
INSERT INTO treatment VALUES (8, 8, 25, 'extraction', 'anesthetic', 'toothache', '21');
INSERT INTO appointment VALUES(9, 71, 55, '2021-05-01', '10:00','11:00', 'consultation', 'completed', 19, 'Fernandaport');
INSERT INTO appointment_procedure VALUES (9, 9, 'XAG4651', 'Type 3', 'tnsdmrpyjxbipxkokljuomtcssdqrq');
INSERT INTO treatment VALUES (9, 9, 71, 'cleaning', 'fluoride', 'none', '22');
INSERT INTO appointment VALUES(10, 70, 76, '2021-07-23', '10:00','11:00', 'consultation', 'unscheduled', 24, 'Fernandaport');
INSERT INTO appointment_procedure VALUES (10, 10, 'JLT2345', 'Type 4', 'ksbbichwosaihqyfyppeafmlalfxwm');
INSERT INTO treatment VALUES (10, 10, 70, 'filling', 'dental fillings', 'none', '3');
INSERT INTO appointment VALUES(11, 9, 54, '2022-02-21', '10:00','11:00', 'cleaning', 'completed', 33, 'Fernandaport');
INSERT INTO appointment_procedure VALUES (11, 11, 'XAG4651', 'Type 3', 'nydvzrzcbznjxoewoinptgnhnshxyk');
INSERT INTO treatment VALUES (11, 11, 9, 'cleaning', 'fluoride', 'none', '27');
INSERT INTO appointment VALUES(12, 62, 51, '2021-11-05', '10:00','11:00', 'consultation', 'cancelled', 27, 'New Kenda');
INSERT INTO appointment_procedure VALUES (12, 12, 'BCD9879', 'Type 1', 'ydwnrvrjpteegprhrgpiunnbwhnfag');
INSERT INTO treatment VALUES (12, 12, 62, 'extraction', 'anesthetic', 'toothache', '26');
INSERT INTO appointment VALUES(13, 75, 53, '2021-12-19', '10:00','11:00', 'cleaning', 'no show', 15, 'Fernandaport');
INSERT INTO appointment_procedure VALUES (13, 13, 'XAG4651', 'Type 3', 'zkirxhbdnpasawpbbyptozzrggumiw');
INSERT INTO treatment VALUES (13, 13, 75, 'extraction', 'anesthetic', 'toothache', '13');
INSERT INTO appointment VALUES(14, 67, 54, '2022-02-06', '10:00','11:00', 'consultation', 'unscheduled', 7, 'Fernandaport');
INSERT INTO appointment_procedure VALUES (14, 14, 'KGM1235', 'Type 2', 'ctsbmyunibvlestmfdxbeupogdwoso');
INSERT INTO treatment VALUES (14, 14, 67, 'cleaning', 'fluoride', 'none', '19');
INSERT INTO appointment VALUES(15, 5, 73, '2022-10-04', '10:00','11:00', 'pre-sedation', 'unscheduled', 33, 'East Elidia');
INSERT INTO appointment_procedure VALUES (15, 15, 'JLT2345', 'Type 4', 'tuxftlosbnuhrnqiikxdjnmvqbuwxo');
INSERT INTO treatment VALUES (15, 15, 5, 'extraction', 'anesthetic', 'toothache', '23');
INSERT INTO appointment VALUES(16, 7, 73, '2021-10-26', '10:00','11:00', 'cleaning', 'no show', 16, 'East Elidia');
INSERT INTO appointment_procedure VALUES (16, 16, 'KGM1235', 'Type 2', 'bsusgsmxfulofbxgankfwlkrcukqic');
INSERT INTO treatment VALUES (16, 16, 7, 'extraction', 'anesthetic', 'toothache', '20');
INSERT INTO appointment VALUES(17, 61, 69, '2021-03-10', '10:00','11:00', 'cleaning', 'no show', 32, 'New Richardshire');
INSERT INTO appointment_procedure VALUES (17, 17, 'BCD9879', 'Type 1', 'muotpwidbkghridofzlxilxguegapc');
INSERT INTO treatment VALUES (17, 17, 61, 'extraction', 'anesthetic', 'toothache', '7');
INSERT INTO appointment VALUES(18, 22, 74, '2022-11-18', '10:00','11:00', 'pre-sedation', 'unscheduled', 23, 'New Richardshire');
INSERT INTO appointment_procedure VALUES (18, 18, 'BCD9879', 'Type 1', 'igkuvvpzygbjvjjeuozzgskbmegrgo');
INSERT INTO treatment VALUES (18, 18, 22, 'filling', 'dental fillings', 'none', '27');
INSERT INTO appointment VALUES(19, 10, 74, '2021-02-16', '10:00','11:00', 'consultation', 'cancelled', 13, 'New Richardshire');
INSERT INTO appointment_procedure VALUES (19, 19, 'XAG4651', 'Type 3', 'panmqftimmsawzjxuwimemppxesnvp');
INSERT INTO treatment VALUES (19, 19, 10, 'filling', 'dental fillings', 'none', '7');
INSERT INTO appointment VALUES(20, 29, 53, '2021-11-08', '10:00','11:00', 'cleaning', 'completed', 9, 'Fernandaport');
INSERT INTO appointment_procedure VALUES (20, 20, 'PWR3462', 'Type 5', 'xsmhoiocctrwftyvpsyenfmidbtsnz');
INSERT INTO treatment VALUES (20, 20, 29, 'cleaning', 'fluoride', 'none', '8');
INSERT INTO appointment VALUES(21, 23, 52, '2020-07-14', '10:00','11:00', 'consultation', 'completed', 13, 'New Chadwick');
INSERT INTO appointment_procedure VALUES (21, 21, 'KGM1235', 'Type 2', 'dlpwkxawhqkmoexlorkaqmndbkilca');
INSERT INTO treatment VALUES (21, 21, 23, 'filling', 'dental fillings', 'none', '5');
INSERT INTO appointment VALUES(22, 68, 54, '2022-01-26', '10:00','11:00', 'pre-sedation', 'no show', 13, 'Fernandaport');
INSERT INTO appointment_procedure VALUES (22, 22, 'KGM1235', 'Type 2', 'rknknkkculsgvckdlgoaxvlwecvfti');
INSERT INTO treatment VALUES (22, 22, 68, 'cleaning', 'fluoride', 'none', '25');
INSERT INTO appointment VALUES(23, 28, 51, '2021-05-05', '10:00','11:00', 'cleaning', 'no show', 7, 'New Kenda');
INSERT INTO appointment_procedure VALUES (23, 23, 'PWR3462', 'Type 5', 'aqmngharaqepvtuhnewpcafittiqsn');
INSERT INTO treatment VALUES (23, 23, 28, 'extraction', 'anesthetic', 'toothache', '17');
INSERT INTO appointment VALUES(24, 86, 73, '2021-09-30', '10:00','11:00', 'pre-sedation', 'cancelled', 3, 'East Elidia');
INSERT INTO appointment_procedure VALUES (24, 24, 'BCD9879', 'Type 1', 'bsuivwuuzohhesflbdwppgjjdoptyj');
INSERT INTO treatment VALUES (24, 24, 86, 'filling', 'dental fillings', 'none', '22');
INSERT INTO appointment VALUES(25, 69, 52, '2022-04-18', '10:00','11:00', 'pre-sedation', 'unscheduled', 22, 'New Chadwick');
INSERT INTO appointment_procedure VALUES (25, 25, 'PWR3462', 'Type 5', 'pbkivixnhqgspispnsuceydakldycu');
INSERT INTO treatment VALUES (25, 25, 69, 'extraction', 'anesthetic', 'toothache', '23');
INSERT INTO appointment VALUES(26, 65, 75, '2022-12-22', '10:00','11:00', 'consultation', 'no show', 26, 'East Elidia');
INSERT INTO appointment_procedure VALUES (26, 26, 'XAG4651', 'Type 3', 'imtprldsxzcbfqvmiklzhjlxgprcdo');
INSERT INTO treatment VALUES (26, 26, 65, 'filling', 'dental fillings', 'none', '25');
INSERT INTO appointment VALUES(27, 56, 49, '2021-11-07', '10:00','11:00', 'cleaning', 'unscheduled', 21, 'East Elidia');
INSERT INTO appointment_procedure VALUES (27, 27, 'BCD9879', 'Type 1', 'tbouwkdpybrbtvexlgzkvzpuvhtxzg');
INSERT INTO treatment VALUES (27, 27, 56, 'filling', 'dental fillings', 'none', '13');
INSERT INTO appointment VALUES(28, 100, 52, '2021-10-22', '10:00','11:00', 'consultation', 'cancelled', 2, 'New Chadwick');
INSERT INTO appointment_procedure VALUES (28, 28, 'JLT2345', 'Type 4', 'dwbgkuyuwmtklqejocwxrtufpsvzgt');
INSERT INTO treatment VALUES (28, 28, 100, 'cleaning', 'fluoride', 'none', '10');
INSERT INTO appointment VALUES(29, 101, 54, '2022-11-14', '10:00','11:00', 'consultation', 'cancelled', 18, 'Fernandaport');
INSERT INTO appointment_procedure VALUES (29, 29, 'PWR3462', 'Type 5', 'gsnrjwipzekedcsxfrqhjhvmpdtebp');
INSERT INTO treatment VALUES (29, 29, 101, 'cleaning', 'fluoride', 'none', '20');
INSERT INTO appointment VALUES(30, 16, 48, '2021-05-29', '10:00','11:00', 'consultation', 'no show', 16, 'West Kiptown');
INSERT INTO appointment_procedure VALUES (30, 30, 'KGM1235', 'Type 2', 'hjmgkhpezhyzqueqtqbxtrismbvzrb');
INSERT INTO treatment VALUES (30, 30, 16, 'filling', 'dental fillings', 'none', '21');
INSERT INTO appointment VALUES(31, 70, 71, '2021-06-27', '10:00','11:00', 'consultation', 'no show', 31, 'East Elidia');
INSERT INTO appointment_procedure VALUES (31, 31, 'XAG4651', 'Type 3', 'zmkpeumjlpmhtsfsqwcwayfoapnzsz');
INSERT INTO treatment VALUES (31, 31, 70, 'filling', 'dental fillings', 'none', '7');
INSERT INTO appointment VALUES(32, 62, 52, '2022-02-11', '10:00','11:00', 'consultation', 'unscheduled', 9, 'New Chadwick');
INSERT INTO appointment_procedure VALUES (32, 32, 'BCD9879', 'Type 1', 'wbqoepnldfcdkgfmwntqrxnpzhmswk');
INSERT INTO treatment VALUES (32, 32, 62, 'filling', 'dental fillings', 'none', '21');
INSERT INTO appointment VALUES(33, 23, 48, '2020-08-17', '10:00','11:00', 'pre-sedation', 'cancelled', 9, 'West Kiptown');
INSERT INTO appointment_procedure VALUES (33, 33, 'XAG4651', 'Type 3', 'edwczfqfdjmjpixhtvjchxrjpgmqai');
INSERT INTO treatment VALUES (33, 33, 23, 'filling', 'dental fillings', 'none', '11');
INSERT INTO appointment VALUES(34, 92, 49, '2022-08-14', '10:00','11:00', 'cleaning', 'cancelled', 21, 'East Elidia');
INSERT INTO appointment_procedure VALUES (34, 34, 'KGM1235', 'Type 2', 'anlufockloxozsrwpnlrkfrjfidkqg');
INSERT INTO treatment VALUES (34, 34, 92, 'cleaning', 'fluoride', 'none', '17');
INSERT INTO appointment VALUES(35, 101, 53, '2021-10-26', '10:00','11:00', 'pre-sedation', 'completed', 19, 'Fernandaport');
INSERT INTO appointment_procedure VALUES (35, 35, 'BCD9879', 'Type 1', 'gohjzmjouhpoeymvjkdgtthgyqqzjb');
INSERT INTO treatment VALUES (35, 35, 101, 'cleaning', 'fluoride', 'none', '24');
INSERT INTO appointment VALUES(36, 30, 67, '2022-08-12', '10:00','11:00', 'cleaning', 'completed', 19, 'Fernandaport');
INSERT INTO appointment_procedure VALUES (36, 36, 'BCD9879', 'Type 1', 'waopoblcqkakiplkuzuwvxuqknghxm');
INSERT INTO treatment VALUES (36, 36, 30, 'cleaning', 'fluoride', 'none', '31');
INSERT INTO appointment VALUES(37, 64, 49, '2022-10-06', '10:00','11:00', 'consultation', 'unscheduled', 20, 'East Elidia');
INSERT INTO appointment_procedure VALUES (37, 37, 'JLT2345', 'Type 4', 'fgirdnqmdaqohxntnmycakdvhwpszi');
INSERT INTO treatment VALUES (37, 37, 64, 'filling', 'dental fillings', 'none', '3');
INSERT INTO appointment VALUES(38, 9, 53, '2022-09-28', '10:00','11:00', 'consultation', 'cancelled', 17, 'Fernandaport');
INSERT INTO appointment_procedure VALUES (38, 38, 'XAG4651', 'Type 3', 'akmbtrlhtrhjnkyyvhlrlprbenwobo');
INSERT INTO treatment VALUES (38, 38, 9, 'cleaning', 'fluoride', 'none', '1');
INSERT INTO appointment VALUES(39, 101, 50, '2022-01-25', '10:00','11:00', 'pre-sedation', 'unscheduled', 23, 'New Kenda');
INSERT INTO appointment_procedure VALUES (39, 39, 'JLT2345', 'Type 4', 'awobeoscrsxweqqrroabpbxqwlaysn');
INSERT INTO treatment VALUES (39, 39, 101, 'cleaning', 'fluoride', 'none', '11');
INSERT INTO appointment VALUES(40, 19, 71, '2020-01-22', '10:00','11:00', 'cleaning', 'unscheduled', 1, 'East Elidia');
INSERT INTO appointment_procedure VALUES (40, 40, 'BCD9879', 'Type 1', 'ibvrzuvonuvanseqbtlljpgmjhvhua');
INSERT INTO treatment VALUES (40, 40, 19, 'cleaning', 'fluoride', 'none', '1');
INSERT INTO appointment VALUES(41, 57, 48, '2022-02-02', '10:00','11:00', 'consultation', 'unscheduled', 12, 'West Kiptown');
INSERT INTO appointment_procedure VALUES (41, 41, 'BCD9879', 'Type 1', 'kuwruaeljgmatdcsvkrmganuumvcko');
INSERT INTO treatment VALUES (41, 41, 57, 'filling', 'dental fillings', 'none', '1');
INSERT INTO appointment VALUES(42, 59, 71, '2021-10-13', '10:00','11:00', 'cleaning', 'completed', 10, 'East Elidia');
INSERT INTO appointment_procedure VALUES (42, 42, 'XAG4651', 'Type 3', 'xauttmkqizlpxjuxfeypfoslnhtuuk');
INSERT INTO treatment VALUES (42, 42, 59, 'cleaning', 'fluoride', 'none', '26');
INSERT INTO appointment VALUES(43, 16, 46, '2022-01-24', '10:00','11:00', 'cleaning', 'cancelled', 7, 'New Richardshire');
INSERT INTO appointment_procedure VALUES (43, 43, 'PWR3462', 'Type 5', 'wdvqcmlkgsekfnukjqelseemmnsoyv');
INSERT INTO treatment VALUES (43, 43, 16, 'extraction', 'anesthetic', 'toothache', '29');
INSERT INTO appointment VALUES(44, 5, 51, '2022-07-05', '10:00','11:00', 'pre-sedation', 'no show', 26, 'New Kenda');
INSERT INTO appointment_procedure VALUES (44, 44, 'JLT2345', 'Type 4', 'yrendrmwlqjydqwdpxtladcafknyba');
INSERT INTO treatment VALUES (44, 44, 5, 'cleaning', 'fluoride', 'none', '6');
INSERT INTO appointment VALUES(45, 24, 49, '2022-03-18', '10:00','11:00', 'pre-sedation', 'completed', 26, 'East Elidia');
INSERT INTO appointment_procedure VALUES (45, 45, 'JLT2345', 'Type 4', 'ubitbuapwcjhxbvvucvvvppwwhcctk');
INSERT INTO treatment VALUES (45, 45, 24, 'cleaning', 'fluoride', 'none', '30');
INSERT INTO appointment VALUES(46, 96, 75, '2021-07-14', '10:00','11:00', 'pre-sedation', 'no show', 17, 'East Elidia');
INSERT INTO appointment_procedure VALUES (46, 46, 'BCD9879', 'Type 1', 'crbdmyqqippalzvsbrzvuwemuccufy');
INSERT INTO treatment VALUES (46, 46, 96, 'extraction', 'anesthetic', 'toothache', '10');
INSERT INTO appointment VALUES(47, 29, 51, '2020-02-09', '10:00','11:00', 'pre-sedation', 'unscheduled', 10, 'New Kenda');
INSERT INTO appointment_procedure VALUES (47, 47, 'PWR3462', 'Type 5', 'qfynrckbpexybzqprkaearapvfggzs');
INSERT INTO treatment VALUES (47, 47, 29, 'extraction', 'anesthetic', 'toothache', '31');
INSERT INTO appointment VALUES(48, 86, 73, '2021-09-04', '10:00','11:00', 'pre-sedation', 'cancelled', 17, 'East Elidia');
INSERT INTO appointment_procedure VALUES (48, 48, 'BCD9879', 'Type 1', 'thsmggnrbgljtegydvwkkcdjbwxncq');
INSERT INTO treatment VALUES (48, 48, 86, 'filling', 'dental fillings', 'none', '29');
INSERT INTO appointment VALUES(49, 83, 69, '2021-08-19', '10:00','11:00', 'pre-sedation', 'cancelled', 19, 'New Richardshire');
INSERT INTO appointment_procedure VALUES (49, 49, 'PWR3462', 'Type 5', 'eeaxmihsztbqszwqvouqupzpzisuiv');
INSERT INTO treatment VALUES (49, 49, 83, 'cleaning', 'fluoride', 'none', '2');
INSERT INTO appointment VALUES(50, 63, 72, '2020-01-31', '10:00','11:00', 'consultation', 'unscheduled', 1, 'New Kenda');
INSERT INTO appointment_procedure VALUES (50, 50, 'JLT2345', 'Type 4', 'xhtbegufqxgmrahmamngtvuoitcqau');
INSERT INTO treatment VALUES (50, 50, 63, 'cleaning', 'fluoride', 'none', '19');
